{"content":[{"index":0,"type":"text","contents":"i don't know, i'm just tired"},{"index":1,"type":"text","contents":"work-in-progress, except it's more like no-work-in-stagnation-that-will-lead-to-spiral"},{"index":2,"type":"text","contents":"when you put your heart and soul into something and it gets no recognition"},{"index":3,"type":"text","contents":"or you open up your project file, the only 'work-in-progress' you have going, and you see how much stupid, pointless work you have to do"},{"index":4,"type":"text","contents":"is it pointless? sometimes it feels great, other times you get no recognition"},{"index":5,"type":"text","contents":"i can't rely on recognition as motivation, that's just the worst idea. if you keep that kind of thing up you'll just end up driving yourself insane."},{"index":6,"type":"text","contents":"i would like to think i do my music for me. but i do wish for some semblance of a 'fanbase', which, i know i do have, but"},{"index":7,"type":"text","contents":"i don't know. why do i crave love? i suppose otherwise it feels as though i'm shouting into the void. can i really be ungrateful? my art has been growing, but"},{"index":8,"type":"text","contents":"i just, don't want to hit a ceiling"},{"index":9,"type":"text","contents":"oh well."}]}