{
	"contents":{
		"0001":{
			"index":0,
			"banner":"0001.png",
			"title":"static.blog01 'greetings'"
		},
		"0002":{
			"index":1,
			"banner":"0002.png",
			"title":"static.blog02 'influences'"
		},
		"0003":{
			"index":2,
			"banner":"0003.png",
			"title":"static.blog03 'life'"
		},
		"0004":{
			"index":3,
			"title":"static.blog04 'brief memoirs, vol. 1'",
			"banner":"0004.jpg"
		},
		"0005":{
			"index":4,
			"title":"static.blog05 'lamenting'",
			"banner":"0005.jpg"
		},
		"0006":{
			"index":5,
			"title":"static.blog06 'where is the static girl?'",
			"banner":"0006.jpg"
		},
		"0007":{
			"index":6,
			"banner":"0007.jpg",
			"title":"static.blog07 'stupid fucking ideas'"
		},
		"0008":{
			"index":7,
			"banner":"0008.jpg",
			"title":"static.blog08 'the new year'"
		}
	}
}